<?xml version="1.0" encoding="utf-8"?>
<extension type="component" version="0.0.2" method="upgrade">
	<name>COM_PMENU</name>
	<creationDate>2013-04-02</creationDate>
	<author>ArtRichards</author>
	<authorEmail>Art@TxDev.net</authorEmail>
	<authorUrl>http://TxDev.net</authorUrl>
	<copyright>Copyright Info</copyright>
	<license>License Info</license>
	<version>0.0.2</version>
	<description>COM_PMENU_DESCRIPTION</description>

	<install>
  		<sql>
    		<file charset="utf8" driver="mysql">install.mysql.sql</file>
  		</sql>
	</install>

	<files folder="site">
		<folder>assets</folder>
		<folder>controllers</folder>
		<folder>helpers</folder>
		<folder>languages</folder>
		<folder>models</folder>
		<folder>tables</folder>
		<folder>views</folder>
		<filename>pmenu.php</filename>
		<filename>router.php</filename>
	</files> 

	<scriptfile>install.php</scriptfile>

	<languages folder="site">
		<language tag="en-GB">languages/en-GB/en-GB.com_pmenu.ini</language>
	</languages>

	<administration>
		<menu link="option=com_pmenu" img="components/com_pmenu/assets/images/pmenu_icon.png">COM_PMENU</menu>
		<submenu>
			<menu view="statistics" img="components/com_pmenu/assets/images/settings_icon.png" 
				alt="PMENU/Statistics">COM_PMENU_STATISTICS</menu>
		</submenu>

		<files folder="admin">
			<folder>controllers</folder>
			<folder>languages</folder>
			<folder>helpers</folder>
			<folder>models</folder>
			<folder>views</folder>
			<filename>pmenu.php</filename>
			<filename>index.html</filename>
			<filename>install.mysql.sql</filename>
		</files>  

		<languages folder="admin">
			<language tag="en-GB">languages/en-GB/en-GB.com_pmenu.ini</language>
			<language tag="en-GB">languages/en-GB/en-GB.com_pmenu.sys.ini</language>
		</languages>

	</administration>
	
</extension>