<?xml version="1.0" encoding="utf-8"?>
<extension type="component" version="0.0.3" method="upgrade">
	<name>COM_PMENU</name>
	<creationDate>2013-04-02</creationDate>
	<author>ArtRichards</author>
	<authorEmail>Art@TxDev.net</authorEmail>
	<authorUrl>http://TxDev.net</authorUrl>
	<copyright>Copyright Info</copyright>
	<license>License Info</license>
	<version>0.0.3</version>
	<description>COM_PMENU_DESCRIPTION</description>


        <scriptfile>script.php</scriptfile>
 
        <install>  
                <sql>
                        <file driver="mysql" charset="utf8">sql/install.mysql.sql</file>
                </sql>
        </install>
        
        
        

	<files folder="site">
		<folder>assets</folder>
		<folder>controllers</folder>
		<folder>helpers</folder>
		<folder>languages</folder>
		<folder>models</folder>
		<folder>tables</folder>
		<folder>views</folder>
		<filename>pmenu.php</filename>
		<filename>router.php</filename>
	</files> 

	<languages folder="site">
		<language tag="en-GB">languages/en-GB/en-GB.com_pmenu.ini</language>
	</languages>

	<administration>
		<menu link="option=com_pmenu" img="components/com_pmenu/assets/images/pmenu_icon.png">COM_PMENU</menu>
		<submenu>
			<menu view="menus" img="components/com_pmenu/assets/images/settings_icon.png" 
				alt="PMENU/default">COM_PMENU_DEFAULT</menu>
		</submenu>

		<files folder="admin">
			<folder>controllers</folder>
			<folder>languages</folder>
			<folder>helpers</folder>
			<folder>models</folder>
			<folder>tables</folder>
			<folder>views</folder>
			<folder>sql</folder>
			<filename>pmenu.php</filename>
                        <filename>access.xml</filename>
                        <filename>config.xml</filename>
                        <filename>controller.php</filename>
		</files>  

		<languages folder="admin">
			<language tag="en-GB">languages/en-GB/en-GB.com_pmenu.ini</language>
			<language tag="en-GB">languages/en-GB/en-GB.com_pmenu.sys.ini</language>
		</languages>
                

	</administration>
        

<!--                                    <uninstall>  
                                            <sql>
                                                    <file driver="mysql" charset="utf8">sql/uninstall.mysql.utf8.sql</file>
                                            </sql>
                                    </uninstall>
                                    <update>  
                                            <schemas>
                                                    <schemapath type="mysql">sql/updates/mysql</schemapath>
                                            </schemas>
                                    </update>    -->
	
</extension>